{
  "description": "项目私有配置文件。此文件中的内容将覆盖 project.config.json 中的相同字段。项目的改动优先同步到此文件中。详见文档：https://developers.weixin.qq.com/miniprogram/dev/devtools/projectconfig.html",
  "projectname": "%E5%92%96%E5%95%A1%E5%BA%97%E8%8F%9C%E5%8D%95",
  "setting": {
    "compileHotReLoad": true,
    "urlCheck": true,
    "coverView": true,
    "lazyloadPlaceholderEnable": false,
    "skylineRenderEnable": false,
    "preloadBackgroundData": false,
    "autoAudits": false,
    "useApiHook": true,
    "useApiHostProcess": true,
    "showShadowRootInWxmlPanel": true,
    "useStaticServer": false,
    "useLanDebug": false,
    "showES6CompileOption": false,
    "bigPackageSizeSupport": false,
    "checkInvalidKey": true,
    "ignoreDevUnusedFiles": true
  },
  "libVersion": "3.9.3"
}